Payer;Recipient;Amount;Date
account_185;account_61;7.0;2019-09-01 16:20:13
account_40;account_185;950.0;2019-09-02 15:14:16
account_82;account_185;200.0;2019-09-03 16:12:27
account_61;account_185;1000.0;2019-09-03 20:00:13
account_128;account_185;200.0;2019-09-10 09:41:35
account_112;account_185;50.0;2019-09-10 15:07:36
account_65;account_185;1200.0;2019-09-11 14:09:20
account_162;account_185;100.0;2019-09-12 14:24:06
account_61;account_185;980.0;2019-09-15 16:52:15
account_185;account_61;980.0;2019-09-15 18:00:39
account_67;account_185;150.0;2019-09-16 11:11:44
account_61;account_185;800.0;2019-09-18 17:34:39
account_68;account_185;280.0;2019-09-19 09:23:48
account_42;account_185;140.0;2019-09-20 03:12:20
account_42;account_185;560.0;2019-09-20 05:47:30
account_185;account_62;160.0;2019-09-20 12:36:18
account_61;account_185;400.0;2019-09-20 16:37:34
account_95;account_185;310.0;2019-09-21 23:07:55
account_162;account_185;3000.0;2019-09-22 20:57:29
account_61;account_185;300.0;2019-09-23 07:43:43
account_185;account_84;200.0;2019-09-23 12:21:45
account_185;account_62;365.0;2019-09-23 14:02:46
account_185;account_156;600.0;2019-09-23 14:08:09
account_185;account_123;75.0;2019-09-23 16:47:29
account_195;account_185;200.0;2019-09-24 17:54:21
account_162;account_185;165.0;2019-09-26 13:04:27
account_185;account_61;80.0;2019-09-26 16:40:32
account_162;account_185;9000.0;2019-09-26 16:47:11
account_162;account_185;200.0;2019-09-26 18:18:16
account_162;account_185;1000.0;2019-09-26 19:51:37
account_185;account_195;150.0;2019-09-26 23:11:42
account_115;account_185;1000.0;2019-09-27 17:56:02
account_185;account_3;100.0;2019-09-27 18:49:47
account_185;account_61;450.0;2019-09-28 08:32:11
account_186;account_185;500.0;2019-09-28 09:18:34
account_113;account_185;500.0;2019-09-28 09:18:34
account_185;account_61;300.0;2019-09-28 09:19:16
account_114;account_185;1000.0;2019-09-28 15:31:28
account_185;account_195;120.0;2019-09-29 17:46:46
account_61;account_185;300.0;2019-09-30 12:22:57
account_185;account_61;50.0;2019-09-30 16:52:32
account_189;account_185;100.0;2019-10-01 20:43:15
account_67;account_185;150.0;2019-10-02 13:05:38
account_185;account_61;104.0;2019-10-03 12:19:03
account_185;account_61;1000.0;2019-10-04 10:32:51
account_61;account_185;400.0;2019-10-04 14:23:05
account_195;account_185;150.0;2019-10-06 13:15:40
account_185;account_139;160.0;2019-10-06 15:11:07
account_195;account_185;200.0;2019-10-07 17:45:04
account_185;account_61;100.0;2019-10-08 14:10:25
account_61;account_185;200.0;2019-10-08 15:52:54
account_61;account_185;100.0;2019-10-08 18:11:44
account_61;account_185;800.0;2019-10-08 19:35:24
account_185;account_61;500.0;2019-10-08 19:53:22
account_185;account_61;100.0;2019-10-08 19:54:11
account_185;account_61;300.0;2019-10-09 14:15:36
account_61;account_185;50.0;2019-10-12 10:24:27
account_61;account_185;200.0;2019-10-12 12:14:07
account_61;account_185;500.0;2019-10-13 17:46:54
account_195;account_185;100.0;2019-10-15 13:23:44
account_85;account_185;50.0;2019-10-15 14:21:49
account_85;account_185;150.0;2019-10-15 14:28:32
account_98;account_185;50.0;2019-10-21 09:14:30
account_98;account_185;50.0;2019-10-21 10:20:17
account_98;account_185;200.0;2019-10-21 17:39:10
account_115;account_185;2000.0;2019-10-24 10:56:56
account_98;account_185;100.0;2019-10-24 11:24:16
account_46;account_185;200.0;2019-10-24 12:47:01
account_115;account_185;500.0;2019-10-25 17:20:55
account_185;account_127;600.0;2019-10-28 15:44:38
account_185;account_159;200.0;2019-10-28 15:51:37
account_185;account_59;100.0;2019-10-28 15:53:30
account_185;account_67;300.0;2019-10-28 17:50:44
account_67;account_185;300.0;2019-10-28 18:18:31
account_126;account_185;2000.0;2019-10-28 22:50:42
account_115;account_185;2000.0;2019-10-29 20:04:59
account_132;account_185;300.0;2019-11-01 20:33:26
account_77;account_185;1000.0;2019-11-04 11:24:09
account_185;account_61;300.0;2019-11-07 09:49:03
account_185;account_61;100.0;2019-11-07 11:30:23
account_185;account_132;100.0;2019-11-07 11:49:17
account_61;account_185;4300.0;2019-11-09 12:40:17
account_185;account_164;200.0;2019-11-09 15:12:46
account_185;account_195;800.0;2019-11-09 21:51:39
account_185;account_90;200.0;2019-11-09 23:34:29
account_185;account_195;600.0;2019-11-10 07:41:22
account_185;account_61;500.0;2019-11-10 16:43:36
account_115;account_185;3000.0;2019-11-11 17:54:25
account_101;account_185;80.0;2019-11-12 23:56:31
account_60;account_185;300.0;2019-11-13 21:35:39
account_185;account_145;200.0;2019-11-14 11:17:51
account_14;account_185;200.0;2019-11-15 17:53:52
account_185;account_131;6.0;2019-11-16 08:30:08
account_159;account_185;2000.0;2019-11-17 16:31:53
account_101;account_185;80.0;2019-11-24 21:10:05
account_185;account_61;1500.0;2019-11-25 21:12:51
account_73;account_120;500.0;2019-09-01 15:06:41
account_78;account_120;200.0;2019-09-09 13:25:12
account_78;account_120;500.0;2019-09-09 20:16:10
account_78;account_120;750.0;2019-09-11 13:00:26
account_78;account_120;500.0;2019-09-16 09:28:12
account_97;account_120;1000.0;2019-09-16 10:04:00
account_39;account_120;300.0;2019-09-17 09:10:07
account_97;account_120;200.0;2019-09-17 12:04:08
account_167;account_120;1000.0;2019-09-17 12:20:09
account_78;account_120;700.0;2019-09-20 13:06:18
account_78;account_120;300.0;2019-09-26 15:10:30
account_194;account_120;2000.0;2019-09-26 18:50:47
account_45;account_120;2000.0;2019-09-26 18:50:47
account_78;account_120;200.0;2019-09-30 14:11:52
account_78;account_120;800.0;2019-09-30 18:45:40
account_78;account_120;100.0;2019-10-01 12:08:43
account_39;account_120;200.0;2019-10-01 17:18:47
account_78;account_120;200.0;2019-10-03 11:58:49
account_78;account_120;200.0;2019-10-05 18:24:05
account_78;account_120;300.0;2019-10-06 18:24:14
account_94;account_120;1000.0;2019-10-09 19:03:40
account_52;account_120;200.0;2019-10-11 08:45:14
account_94;account_120;100.0;2019-10-30 17:26:49
account_94;account_120;500.0;2019-11-03 13:26:42
account_120;account_147;1000.0;2019-11-11 20:07:39
account_120;account_147;1000.0;2019-11-12 19:50:45
account_39;account_120;300.0;2019-11-12 20:32:09
account_120;account_75;500.0;2019-11-13 19:46:18
account_120;account_147;500.0;2019-11-13 19:46:18
account_120;account_147;500.0;2019-11-14 20:29:18
account_120;account_147;500.0;2019-11-15 21:34:11
account_120;account_147;500.0;2019-11-16 20:21:32
account_39;account_120;150.0;2019-11-17 10:13:40
account_120;account_147;500.0;2019-11-17 19:59:21
account_21;account_120;1000.0;2019-11-18 16:19:35
account_120;account_147;500.0;2019-11-18 22:36:42
account_120;account_147;500.0;2019-11-19 20:53:41
account_52;account_120;500.0;2019-11-21 10:43:41
account_94;account_120;200.0;2019-11-21 17:03:39
account_120;account_147;500.0;2019-11-21 21:46:29
account_52;account_120;1000.0;2019-11-24 12:22:04
account_21;account_120;8000.0;2019-11-25 17:57:02
account_120;account_147;500.0;2019-11-25 19:43:37
account_100;account_193;800.0;2018-03-08 18:57:23
account_31;account_100;800.0;2018-03-11 18:40:58
account_168;account_100;215.0;2018-03-12 19:34:07
account_18;account_100;34000.0;2018-03-13 11:33:33
account_100;account_137;2000.0;2018-03-15 20:07:20
account_100;account_69;3000.0;2018-03-25 15:03:35
account_44;account_100;1000.0;2018-03-27 15:32:48
account_66;account_100;1000.0;2018-03-27 15:32:48
account_31;account_100;400.0;2018-03-29 17:16:23
account_100;account_100;1000.0;2018-03-30 10:08:35
account_100;account_130;1000.0;2018-03-30 10:08:35
account_173;account_100;1000.0;2018-03-30 10:08:35
account_100;account_193;1125.0;2018-03-30 11:55:04
account_31;account_100;3700.0;2018-04-03 11:11:37
account_18;account_100;60000.0;2018-04-03 15:10:53
account_100;account_193;12800.0;2018-04-04 09:23:41
account_100;account_193;4000.0;2018-04-04 12:35:42
account_100;account_193;100.0;2018-04-04 18:08:05
account_100;account_193;75.0;2018-04-04 18:08:50
account_100;account_5;150.0;2018-04-04 23:28:32
account_100;account_31;1000.0;2018-04-04 23:31:11
account_100;account_193;1100.0;2018-04-06 20:36:16
account_100;account_193;500.0;2018-04-07 13:20:28
account_100;account_193;3000.0;2018-04-08 15:22:32
account_100;account_31;800.0;2018-04-09 00:23:58
account_100;account_100;600.0;2018-04-09 00:24:59
account_100;account_193;520.0;2018-04-09 07:15:18
account_100;account_100;1000.0;2018-04-10 17:05:30
account_100;account_193;650.0;2018-04-11 06:24:26
account_100;account_193;239.0;2018-04-12 07:15:04
account_166;account_100;10771.080078125;2018-04-13 00:00:00
account_100;account_193;499.0;2018-04-13 06:33:02
account_100;account_193;200.0;2018-04-15 16:44:09
account_100;account_179;200.0;2018-04-15 16:44:09
account_66;account_100;600.0;2018-04-19 11:45:21
account_100;account_193;18.0;2018-04-20 07:56:59
account_18;account_100;500.0;2018-04-22 14:32:02
account_49;account_100;8442.7802734375;2018-04-23 00:00:00
account_193;account_100;3000.0;2018-04-27 20:47:17
account_31;account_100;2200.0;2018-04-27 23:24:27
account_166;account_100;2935.81005859375;2018-04-28 00:00:00
account_166;account_100;8914.6298828125;2018-04-28 00:00:00
account_193;account_100;300.0;2018-04-28 08:56:38
account_100;account_100;1000.0;2018-04-29 10:08:24
account_100;account_31;500.0;2018-05-01 17:54:37
account_100;account_100;500.0;2018-05-02 08:27:40
account_100;account_193;8000.0;2018-05-03 12:32:52
account_66;account_100;1500.0;2018-05-06 20:43:23
account_100;account_143;1000.0;2018-05-07 12:31:31
account_100;account_193;500.0;2018-05-07 16:21:22
account_100;account_190;10300.0;2018-05-08 20:15:38
account_166;account_100;14539.6796875;2018-05-11 00:00:00
account_100;account_31;150.0;2018-05-12 20:55:19
account_100;account_31;150.0;2018-05-14 23:12:31
account_100;account_193;200.0;2018-05-15 20:18:52
account_100;account_193;200.0;2018-05-16 14:10:09
account_166;account_100;11467.8603515625;2018-05-22 00:00:00
account_49;account_100;8442.7802734375;2018-05-23 00:00:00
account_100;account_143;500.0;2018-05-27 18:11:34
account_166;account_100;4350.0498046875;2018-05-28 00:00:00
account_166;account_100;9279.4599609375;2018-05-28 00:00:00
account_100;account_193;500.0;2018-05-28 11:02:30
account_100;account_143;300.0;2018-05-29 21:30:13
account_66;account_100;1000.0;2018-05-31 00:43:30
account_100;account_31;1000.0;2018-05-31 01:09:18
account_100;account_100;2500.0;2018-06-01 07:32:00
account_100;account_193;1000.0;2018-06-03 14:15:14
account_80;account_100;200.0;2018-06-03 23:27:26
account_100;account_80;200.0;2018-06-03 23:27:26
account_100;account_100;200.0;2018-06-03 23:27:26
account_100;account_143;1400.0;2018-06-03 23:33:51
account_100;account_91;17000.0;2018-06-04 20:32:34
account_100;account_191;500.0;2018-06-04 20:36:40
account_100;account_6;500.0;2018-06-04 20:36:40
account_100;account_193;500.0;2018-06-04 20:36:40
account_100;account_100;200.0;2018-06-08 15:50:21
account_100;account_31;500.0;2018-06-10 15:09:15
account_100;account_53;200.0;2018-06-12 15:31:52
account_166;account_100;13313.75;2018-06-13 00:00:00
account_100;account_100;1000.0;2018-06-21 16:04:24
account_100;account_100;500.0;2018-06-21 16:41:42
account_100;account_100;150.0;2018-06-21 18:35:12
account_100;account_100;500.0;2018-06-21 22:17:16
account_49;account_100;8442.7802734375;2018-06-22 00:00:00
account_166;account_100;2269.580078125;2018-06-28 00:00:00
account_166;account_100;3042.389892578125;2018-06-28 00:00:00
account_100;account_193;100.0;2018-07-03 08:11:24
account_100;account_100;300.0;2018-07-08 11:50:25
account_100;account_100;130.0;2018-07-09 20:21:54
account_166;account_100;10998.33984375;2018-07-13 00:00:00
account_100;account_100;169.0;2018-07-13 08:25:13
account_100;account_100;200.0;2018-07-13 14:17:25
account_100;account_100;690.0;2018-07-14 12:08:26
account_100;account_100;447.0;2018-07-15 12:15:57
account_100;account_193;200.0;2018-07-15 23:49:55
account_100;account_100;470.0;2018-07-16 12:03:10
account_100;account_72;7400.0;2018-07-17 20:01:59
account_100;account_100;650.0;2018-07-18 21:34:59
account_49;account_100;8442.7802734375;2018-07-23 00:00:00
account_100;account_100;6000.0;2018-07-23 13:24:46
account_100;account_100;6000.0;2018-07-23 13:27:30
account_100;account_153;6000.0;2018-07-23 13:30:02
account_100;account_143;100.0;2018-07-24 23:07:04
account_166;account_100;2574.93994140625;2018-07-27 00:00:00
account_166;account_100;8104.18017578125;2018-07-27 00:00:00
account_100;account_100;679.0;2018-07-28 08:15:48
account_91;account_100;800.0;2018-08-09 15:13:50
account_100;account_100;500.0;2018-08-10 18:41:36
account_100;account_100;54.0;2018-08-11 13:57:53
account_100;account_31;300.0;2018-08-11 19:54:24
account_100;account_31;2000.0;2018-08-12 13:40:21
account_100;account_100;500.0;2018-08-12 19:47:56
account_166;account_100;13368.3095703125;2018-08-13 00:00:00
account_100;account_100;3500.0;2018-08-13 12:07:22
account_100;account_100;568.0;2018-08-15 09:50:36
account_100;account_31;500.0;2018-08-15 15:24:16
account_100;account_100;1000.0;2018-08-15 18:11:33
account_66;account_100;2000.0;2018-08-16 11:50:40
account_100;account_193;1500.0;2018-08-17 17:51:19
account_100;account_83;7950.0;2018-08-20 14:29:17
account_100;account_31;500.0;2018-08-20 14:30:52
account_100;account_100;130.0;2018-08-21 12:26:12
account_49;account_100;8677.6201171875;2018-08-23 00:00:00
account_166;account_100;2540.0;2018-08-28 00:00:00
account_166;account_100;4434.47998046875;2018-08-28 00:00:00
account_100;account_100;1977.0;2018-08-28 18:22:05
account_100;account_100;1000.0;2018-08-31 13:49:37
account_100;account_30;200.0;2018-09-01 18:35:59
account_100;account_143;200.0;2018-09-01 18:35:59
account_100;account_100;48.0;2018-09-03 15:39:26
account_100;account_100;96.0;2018-09-03 15:40:28
account_166;account_100;18203.990234375;2018-09-13 00:00:00
account_100;account_100;8200.0;2018-09-13 12:40:06
account_100;account_143;1000.0;2018-09-13 12:58:54
account_100;account_100;1000.0;2018-09-13 12:59:50
account_100;account_100;2000.0;2018-09-13 13:02:45
account_100;account_31;300.0;2018-09-15 11:05:50
account_100;account_100;1196.0;2018-09-15 22:17:40
account_100;account_31;1300.0;2018-09-16 10:18:02
account_49;account_100;8677.6201171875;2018-09-21 00:00:00
account_100;account_163;3582.0;2018-09-24 14:31:47
account_100;account_100;2500.0;2018-09-27 11:40:16
account_166;account_100;2242.760009765625;2018-09-28 00:00:00
account_166;account_100;10134.58984375;2018-09-28 00:00:00
account_100;account_100;12000.0;2018-09-28 16:18:38
account_100;account_100;12000.0;2018-09-28 17:41:33
account_100;account_100;410.0;2018-09-28 17:42:19
account_166;account_100;12400.8896484375;2018-10-12 00:00:00
account_49;account_100;8677.6201171875;2018-10-23 00:00:00
account_166;account_100;3482.699951171875;2018-10-26 00:00:00
account_166;account_100;7588.25;2018-10-26 00:00:00
account_36;account_100;3000.0;2018-10-26 14:10:33
account_100;account_109;3000.0;2018-10-26 14:10:33
account_100;account_100;3000.0;2018-10-26 14:10:33
account_166;account_100;316.8800048828125;2018-10-29 00:00:00
account_100;account_141;10000.0;2018-10-31 18:28:33
account_100;account_100;300.0;2018-11-02 16:08:11
account_100;account_100;600.0;2018-11-02 16:08:48
account_166;account_100;8599.2900390625;2018-11-06 00:00:00
account_166;account_100;21205.01953125;2018-11-06 00:00:00
account_100;account_100;15800.0;2018-11-06 12:28:12
account_100;account_143;1000.0;2018-11-06 22:05:22
account_100;account_150;19000.0;2018-11-07 18:07:50
account_100;account_143;2000.0;2018-11-09 16:39:12
account_100;account_100;500.0;2018-11-12 17:25:18
account_100;account_143;1000.0;2018-11-14 10:41:30
account_100;account_143;2000.0;2018-11-15 10:25:19
account_100;account_143;1000.0;2018-11-16 01:32:24
account_100;account_100;4000.0;2018-11-17 16:53:13
account_100;account_100;100.0;2018-11-18 16:55:09
account_100;account_193;200.0;2018-11-18 16:56:51
account_49;account_100;8677.6201171875;2018-11-23 00:00:00
account_100;account_180;1000.0;2018-11-23 18:23:40
account_100;account_143;1000.0;2018-11-23 18:23:40
account_100;account_143;300.0;2018-11-26 13:07:44
account_100;account_193;3000.0;2018-11-30 14:14:33
account_100;account_143;350.0;2018-12-02 12:11:24
account_100;account_34;1000.0;2018-12-04 16:44:11
account_100;account_193;1000.0;2018-12-04 16:44:11
account_100;account_140;200.0;2018-12-05 10:23:46
account_100;account_143;200.0;2018-12-05 10:23:46
account_100;account_81;13684.0;2018-12-16 19:10:18
account_100;account_193;256.0;2018-12-16 19:11:56
account_100;account_79;7216.0;2018-12-17 17:22:34
account_49;account_100;8677.6201171875;2018-12-21 00:00:00
account_100;account_143;8500.0;2018-12-21 18:23:58
account_100;account_100;30000.0;2018-12-27 16:01:16
account_119;account_100;40000.0;2018-12-28 12:08:11
account_100;account_154;9600.0;2019-01-15 19:06:27
account_100;account_100;50.0;2019-01-15 19:24:51
account_100;account_100;100.0;2019-01-15 19:25:33
account_92;account_100;2000.0;2019-01-18 15:06:59
account_49;account_100;8677.6201171875;2019-01-23 00:00:00
account_100;account_100;5140.0;2019-01-23 13:52:09
account_100;account_143;200.0;2019-01-23 14:14:34
account_100;account_100;1000.0;2019-02-03 10:46:00
account_100;account_105;1000.0;2019-02-03 10:46:00
account_121;account_100;1000.0;2019-02-03 10:46:00
account_100;account_143;500.0;2019-02-03 10:50:10
account_49;account_100;8677.6201171875;2019-02-22 00:00:00
account_28;account_100;1000.0;2019-03-06 10:29:35
account_28;account_100;2000.0;2019-03-07 18:14:55
account_49;account_100;2281.25;2019-03-22 00:00:00
account_49;account_100;9649.9501953125;2019-03-22 00:00:00
account_28;account_100;500.0;2019-03-25 15:22:51
account_100;account_100;1940.0;2019-03-26 19:17:21
account_28;account_100;2200.0;2019-04-04 11:06:25
account_28;account_100;50.0;2019-04-11 12:53:18
account_49;account_100;9649.9501953125;2019-04-23 00:00:00
account_22;account_100;4000.0;2019-05-16 02:02:48
account_49;account_100;9649.9501953125;2019-05-23 00:00:00
account_49;account_100;9649.9501953125;2019-06-21 00:00:00
account_49;account_100;9649.9501953125;2019-07-23 00:00:00
account_49;account_100;9911.669921875;2019-08-23 00:00:00
account_155;account_100;500.0;2019-09-11 20:50:40
account_155;account_100;500.0;2019-09-12 10:54:48
account_49;account_100;9911.669921875;2019-09-23 00:00:00
account_155;account_100;5500.0;2019-09-28 14:58:38
account_155;account_100;400.0;2019-10-03 15:08:50
account_155;account_100;1000.0;2019-10-04 19:14:20
account_155;account_100;400.0;2019-10-07 05:39:01
account_155;account_100;800.0;2019-10-14 22:29:21
account_143;account_100;15000.0;2019-10-15 16:44:20
account_49;account_100;9911.669921875;2019-10-23 00:00:00
account_155;account_100;500.0;2019-10-30 22:29:36
account_100;account_26;500.0;2019-10-30 22:42:26
account_155;account_100;2500.0;2019-11-07 11:59:22
account_192;account_100;2500.0;2019-11-20 12:36:47
account_49;account_100;9911.669921875;2019-11-22 00:00:00
account_100;account_26;500.0;2019-11-25 08:59:11
account_100;account_143;3000.0;2019-11-25 16:26:48
account_100;account_26;300.0;2019-11-28 21:47:42
account_41;account_143;592.0;2018-04-19 00:00:00
account_100;account_143;1000.0;2018-05-07 12:31:31
account_171;account_143;500.0;2018-05-12 18:21:20
account_134;account_143;500.0;2018-05-12 18:21:20
account_41;account_143;592.0;2018-05-22 00:00:00
account_100;account_143;500.0;2018-05-27 18:11:34
account_100;account_143;300.0;2018-05-29 21:30:13
account_100;account_143;1400.0;2018-06-03 23:33:51
account_41;account_143;592.0;2018-06-20 00:00:00
account_100;account_143;100.0;2018-07-24 23:07:04
account_108;account_143;200.0;2018-09-01 18:35:59
account_100;account_143;200.0;2018-09-01 18:35:59
account_100;account_143;1000.0;2018-09-13 12:58:54
account_1;account_143;1500.0;2018-10-24 17:22:56
account_100;account_143;1000.0;2018-11-06 22:05:22
account_100;account_143;2000.0;2018-11-09 16:39:12
account_100;account_143;1000.0;2018-11-14 10:41:30
account_100;account_143;2000.0;2018-11-15 10:25:19
account_100;account_143;1000.0;2018-11-16 01:32:24
account_100;account_143;1000.0;2018-11-23 18:23:40
account_111;account_143;1000.0;2018-11-23 18:23:40
account_100;account_143;300.0;2018-11-26 13:07:44
account_100;account_143;350.0;2018-12-02 12:11:24
account_48;account_143;200.0;2018-12-05 10:23:46
account_100;account_143;200.0;2018-12-05 10:23:46
account_100;account_143;8500.0;2018-12-21 18:23:58
account_100;account_143;200.0;2019-01-23 14:14:34
account_100;account_143;500.0;2019-02-03 10:50:10
account_17;account_143;6003.0;2019-07-12 00:00:00
account_27;account_143;3000.0;2019-07-29 00:00:00
account_17;account_143;2623.139892578125;2019-08-14 00:00:00
account_17;account_143;12943.0;2019-08-14 00:00:00
account_143;account_71;9100.0;2019-08-14 14:54:33
account_155;account_143;500.0;2019-09-24 13:00:00
account_155;account_143;5000.0;2019-09-28 15:50:35
account_155;account_143;400.0;2019-10-03 15:08:19
account_143;account_56;265.0;2019-10-04 08:53:49
account_155;account_143;400.0;2019-10-07 05:39:36
account_155;account_143;1000.0;2019-10-09 14:41:10
account_155;account_143;400.0;2019-10-14 22:29:48
account_155;account_143;30000.0;2019-10-15 16:40:03
account_143;account_100;15000.0;2019-10-15 16:44:20
account_155;account_143;2500.0;2019-10-30 16:56:10
account_192;account_143;2500.0;2019-11-19 13:48:31
account_100;account_143;3000.0;2019-11-25 16:26:48
account_124;account_143;300.0;2019-11-29 17:56:40
account_25;account_177;100.0;2018-03-03 15:58:09
account_107;account_177;5500.0;2018-03-16 19:52:46
account_25;account_177;200.0;2018-03-19 15:43:06
account_25;account_177;100.0;2018-03-24 11:45:53
account_51;account_177;100.0;2018-03-24 11:45:53
account_63;account_177;500.0;2018-03-24 21:28:02
account_43;account_177;500.0;2018-03-25 12:14:26
account_187;account_177;100.0;2018-03-25 16:20:12
account_43;account_177;300.0;2018-03-26 21:31:53
account_43;account_177;1000.0;2018-03-26 21:33:50
account_25;account_177;2500.0;2018-03-29 12:01:48
account_138;account_177;500.0;2018-04-01 13:56:02
account_70;account_177;300.0;2018-04-03 14:22:46
account_70;account_177;300.0;2018-04-03 17:25:56
account_70;account_177;300.0;2018-04-04 02:12:28
account_70;account_177;100.0;2018-04-04 02:41:35
account_70;account_177;100.0;2018-04-04 02:51:13
account_43;account_177;100.0;2018-04-05 16:40:47
account_70;account_177;100.0;2018-04-05 19:11:43
account_25;account_177;200.0;2018-04-11 21:06:10
account_177;account_54;380.0;2018-04-11 21:26:57
account_70;account_177;100.0;2018-04-11 21:27:17
account_177;account_54;100.0;2018-04-11 21:29:13
account_59;account_177;200.0;2018-04-12 16:37:28
account_8;account_177;500.0;2018-04-14 13:38:01
account_25;account_177;500.0;2018-04-14 13:38:01
account_13;account_177;592.0;2018-04-19 00:00:00
account_43;account_177;20.0;2018-04-19 17:26:16
account_25;account_177;400.0;2018-04-24 22:21:50
account_43;account_177;360.0;2018-04-29 11:43:50
account_59;account_177;200.0;2018-05-12 09:35:03
account_13;account_177;592.0;2018-05-17 00:00:00
account_133;account_177;2000.0;2018-05-17 09:24:20
account_175;account_177;200.0;2018-05-18 22:14:15
account_43;account_177;2000.0;2018-05-24 15:15:24
account_187;account_177;1700.0;2018-05-27 21:53:51
account_104;account_177;2000.0;2018-05-31 10:35:07
account_43;account_177;150.0;2018-06-05 12:48:54
account_172;account_177;860.0;2018-06-06 20:06:30
account_59;account_177;1500.0;2018-06-09 22:48:12
account_25;account_177;4100.0;2018-06-15 20:17:42
account_43;account_177;150.0;2018-06-19 12:46:41
account_13;account_177;592.0;2018-06-20 00:00:00
account_178;account_177;700.0;2018-06-23 12:30:49
account_2;account_177;800.0;2018-06-29 09:59:55
account_25;account_177;1000.0;2018-07-14 08:36:07
account_43;account_177;200.0;2018-07-30 13:56:30
account_43;account_177;100.0;2018-07-30 14:02:04
account_43;account_177;250.0;2018-08-02 12:28:04
account_24;account_177;1500.0;2018-08-15 15:15:18
account_25;account_177;1500.0;2018-08-16 15:48:50
account_11;account_177;1000.0;2018-08-20 14:13:01
account_47;account_177;500.0;2019-09-10 20:12:57
account_25;account_177;500.0;2019-09-10 20:12:57
account_177;account_177;500.0;2019-09-10 20:20:28
account_25;account_177;260.0;2019-09-12 08:34:23
account_177;account_177;260.0;2019-09-12 09:09:12
account_162;account_177;100.0;2019-09-13 17:09:52
account_177;account_177;100.0;2019-09-13 17:32:39
account_25;account_177;1000.0;2019-09-13 18:06:18
account_55;account_177;1000.0;2019-09-13 18:06:18
account_177;account_177;1000.0;2019-09-13 18:11:37
account_25;account_177;1000.0;2019-09-14 17:57:09
account_25;account_177;300.0;2019-09-17 08:32:02
account_25;account_177;200.0;2019-09-17 18:46:03
account_162;account_177;1200.0;2019-09-20 18:22:04
account_25;account_177;1000.0;2019-09-21 15:41:51
account_25;account_177;500.0;2019-09-21 16:08:38
account_4;account_177;100.0;2019-09-21 16:43:17
account_162;account_177;3000.0;2019-09-22 16:37:56
account_162;account_177;150.0;2019-09-22 19:37:09
account_25;account_177;300.0;2019-09-23 15:13:32
account_25;account_177;500.0;2019-09-23 16:56:48
account_43;account_177;100.0;2019-09-23 22:56:23
account_162;account_177;200.0;2019-09-24 17:17:53
account_25;account_177;500.0;2019-09-24 19:53:29
account_177;account_117;50.0;2019-09-25 13:13:44
account_162;account_177;1800.0;2019-09-25 20:35:32
account_162;account_177;200.0;2019-09-26 18:18:40
account_25;account_177;500.0;2019-09-28 14:19:44
account_43;account_177;500.0;2019-09-28 18:22:02
account_25;account_177;500.0;2019-09-29 10:06:36
account_25;account_177;300.0;2019-09-29 10:21:28
account_177;account_170;200.0;2019-09-29 10:23:26
account_25;account_177;200.0;2019-09-30 13:17:10
account_162;account_177;3000.0;2019-10-01 15:11:49
account_177;account_32;500.0;2019-10-01 19:15:22
account_177;account_43;500.0;2019-10-01 19:15:22
account_177;account_110;500.0;2019-10-01 19:16:50
account_162;account_177;5000.0;2019-10-01 23:18:16
account_162;account_177;3000.0;2019-10-02 16:02:24
account_162;account_177;290.0;2019-10-03 22:15:56
account_25;account_177;300.0;2019-10-06 21:40:57
account_25;account_177;50.0;2019-10-10 18:46:08
account_25;account_177;40.0;2019-10-11 09:56:47
account_43;account_177;500.0;2019-10-14 21:18:49
account_25;account_177;100.0;2019-10-16 07:27:20
account_25;account_177;300.0;2019-10-16 17:36:52
account_188;account_177;1000.0;2019-10-18 20:50:09
account_43;account_177;100.0;2019-10-23 00:00:37
account_25;account_177;200.0;2019-10-23 00:52:33
account_25;account_177;500.0;2019-10-23 13:09:28
account_158;account_177;700.0;2019-10-26 17:21:55
account_43;account_177;200.0;2019-10-27 17:22:41
account_25;account_177;150.0;2019-10-31 18:44:24
account_104;account_177;2500.0;2019-11-03 17:02:40
account_177;account_93;2000.0;2019-11-03 18:03:13
account_151;account_177;100.0;2019-11-04 14:30:14
account_25;account_177;200.0;2019-11-08 20:34:44
account_25;account_177;2000.0;2019-11-16 16:43:41
account_177;account_29;1000.0;2019-11-17 11:06:03
account_177;account_29;100.0;2019-11-17 12:50:51
account_177;account_88;100.0;2019-11-17 12:50:51
account_25;account_177;600.0;2019-11-24 10:16:02
account_25;account_177;300.0;2019-11-24 20:37:15
account_19;account_7;12348.1396484375;2018-04-05 00:00:00
account_19;account_7;4400.0;2018-04-20 00:00:00
account_19;account_7;13125.6396484375;2018-05-08 00:00:00
account_19;account_7;4400.0;2018-05-23 00:00:00
account_76;account_7;2000.0;2018-05-26 11:22:08
account_76;account_7;500.0;2018-05-26 21:01:37
account_76;account_7;1000.0;2018-06-03 12:44:05
account_116;account_7;1000.0;2018-06-03 18:32:01
account_76;account_7;1000.0;2018-06-03 18:32:01
account_19;account_7;2155.419921875;2018-06-07 00:00:00
account_19;account_7;11902.1103515625;2018-06-07 00:00:00
account_19;account_7;4400.0;2018-06-19 00:00:00
account_19;account_7;1867.97998046875;2018-07-06 00:00:00
account_19;account_7;11138.5302734375;2018-07-06 00:00:00
account_19;account_7;4400.0;2018-07-23 00:00:00
account_19;account_7;16563.830078125;2018-08-08 00:00:00
account_19;account_7;4400.0;2018-08-22 00:00:00
account_87;account_7;1000.0;2018-08-27 10:25:34
account_19;account_7;2401.5;2018-09-07 00:00:00
account_19;account_7;15194.1103515625;2018-09-07 00:00:00
account_19;account_7;4400.0;2018-09-24 00:00:00
account_19;account_7;900.0;2018-10-08 00:00:00
account_19;account_7;1217.0400390625;2018-10-08 00:00:00
account_19;account_7;15476.0703125;2018-10-08 00:00:00
account_19;account_7;15600.0;2018-10-09 00:00:00
account_19;account_7;2000.0;2018-10-23 00:00:00
account_19;account_7;960.4000244140624;2018-11-08 00:00:00
account_19;account_7;5574.52978515625;2018-11-08 00:00:00
account_19;account_7;5581.5;2018-11-22 00:00:00
account_99;account_7;500.0;2018-11-27 15:36:00
account_135;account_7;500.0;2018-11-27 15:36:00
account_19;account_7;635.3699951171875;2018-12-06 00:00:00
account_19;account_7;7570.10986328125;2018-12-06 00:00:00
account_183;account_7;8800.0;2018-12-16 15:23:56
account_19;account_7;5500.0;2018-12-20 00:00:00
account_19;account_7;1720.8800048828125;2018-12-26 00:00:00
account_19;account_7;13541.099609375;2018-12-26 00:00:00
account_58;account_7;2000.0;2018-12-28 16:04:00
account_19;account_7;5581.5;2019-01-23 00:00:00
account_38;account_7;500.0;2019-01-29 19:46:01
account_19;account_7;2126.929931640625;2019-02-08 00:00:00
account_19;account_7;11026.5302734375;2019-02-08 00:00:00
account_7;account_182;10000.0;2019-02-16 07:56:26
account_38;account_7;500.0;2019-02-16 19:16:44
account_19;account_7;5640.0;2019-02-21 00:00:00
account_19;account_7;13567.6103515625;2019-03-06 00:00:00
account_19;account_7;5640.0;2019-03-22 00:00:00
account_19;account_7;1500.0;2019-03-26 00:00:00
account_19;account_7;13.65999984741211;2019-04-08 00:00:00
account_19;account_7;12736.759765625;2019-04-08 00:00:00
account_19;account_7;5640.0;2019-04-23 00:00:00
account_19;account_7;2656.1298828125;2019-05-06 00:00:00
account_19;account_7;15881.6298828125;2019-05-06 00:00:00
account_19;account_7;5640.0;2019-05-22 00:00:00
account_146;account_7;5000.0;2019-05-29 09:08:17
account_38;account_7;300.0;2019-06-02 15:57:35
account_19;account_7;1764.9599609375;2019-06-05 00:00:00
account_19;account_7;18089.150390625;2019-06-05 00:00:00
account_38;account_7;1000.0;2019-06-09 17:31:01
account_38;account_7;500.0;2019-06-09 19:26:43
account_19;account_7;5640.0;2019-06-21 00:00:00
account_19;account_7;3200.0;2019-06-26 00:00:00
account_76;account_7;2500.0;2019-07-02 19:59:18
account_19;account_7;25.06999969482422;2019-07-08 00:00:00
account_19;account_7;13726.009765625;2019-07-08 00:00:00
account_38;account_7;1000.0;2019-07-13 08:57:04
account_136;account_7;1000.0;2019-07-13 08:57:04
account_102;account_7;1000.0;2019-07-13 08:57:04
account_19;account_7;5640.0;2019-07-23 00:00:00
account_7;account_182;5000.0;2019-07-27 09:54:28
account_19;account_7;15394.4404296875;2019-08-06 00:00:00
account_184;account_7;2000.0;2019-08-15 20:59:41
account_19;account_7;5640.0;2019-08-22 00:00:00
account_12;account_7;1000.0;2019-08-24 13:36:30
account_155;account_7;500.0;2019-08-29 19:39:31
account_122;account_7;500.0;2019-08-29 19:39:31
account_181;account_7;500.0;2019-09-02 21:56:26
account_155;account_7;500.0;2019-09-02 21:56:26
account_20;account_7;500.0;2019-09-03 09:47:08
account_7;account_37;500.0;2019-09-03 09:47:08
account_7;account_7;500.0;2019-09-03 09:47:08
account_7;account_7;500.0;2019-09-03 09:51:15
account_19;account_7;1500.0;2019-09-05 00:00:00
account_19;account_7;2156.6201171875;2019-09-05 00:00:00
account_19;account_7;20700.0;2019-09-05 00:00:00
account_19;account_7;24978.1796875;2019-09-05 00:00:00
account_155;account_7;700.0;2019-09-05 08:45:18
account_155;account_7;5000.0;2019-09-12 19:28:58
account_155;account_7;5000.0;2019-09-15 11:39:11
account_19;account_7;4800.0;2019-09-23 00:00:00
account_19;account_7;644.75;2019-10-07 00:00:00
account_19;account_7;7653.52978515625;2019-10-07 00:00:00
account_125;account_7;2973.0;2019-10-07 19:57:14
account_125;account_7;2973.0;2019-10-07 20:16:42
account_19;account_7;1000.0;2019-10-22 00:00:00
account_19;account_7;385.9200134277344;2019-11-07 00:00:00
account_19;account_7;13090.2900390625;2019-11-07 00:00:00
account_89;account_7;2000.0;2019-11-12 14:32:07
account_19;account_7;5640.0;2019-11-21 00:00:00
account_118;account_7;1000.0;2019-11-29 09:14:56
account_19;account_7;21783.759765625;2019-12-05 00:00:00
account_176;account_96;748.0;2018-04-11 00:00:00
account_148;account_96;500.0;2018-04-23 08:06:26
account_35;account_96;1450.0;2018-04-28 11:27:57
account_176;account_96;1700.0;2018-05-16 00:00:00
account_96;account_174;1000.0;2018-05-16 16:35:59
account_35;account_96;210.0;2018-05-17 11:42:36
account_35;account_96;73.0;2018-05-18 20:53:57
account_35;account_96;120.0;2018-05-29 18:25:17
account_96;account_106;120.0;2018-05-29 18:53:18
account_176;account_96;1360.0;2018-06-08 00:00:00
account_16;account_96;500.0;2018-06-24 23:29:18
account_50;account_96;1000.0;2019-07-26 06:56:36
account_35;account_96;500.0;2019-07-30 20:26:36
account_144;account_96;24918.7890625;2019-08-14 00:00:00
account_96;account_174;5000.0;2019-08-14 22:36:20
account_96;account_64;18000.0;2019-08-15 11:02:09
account_96;account_103;500.0;2019-08-15 11:55:49
account_96;account_160;500.0;2019-08-15 11:55:49
account_96;account_103;110.0;2019-08-16 12:57:33
account_96;account_103;40.0;2019-08-16 19:21:53
account_174;account_96;1000.0;2019-08-21 12:07:38
account_96;account_149;1000.0;2019-08-21 13:57:30
account_96;account_103;1000.0;2019-08-21 13:57:30
account_157;account_96;500.0;2019-08-24 16:40:35
account_169;account_96;200.0;2019-08-24 20:10:08
account_129;account_96;200.0;2019-08-24 20:10:08
account_161;account_96;1500.0;2019-08-31 11:00:46
account_15;account_96;500.0;2019-09-02 07:54:20
account_96;account_15;50.0;2019-09-02 13:22:05
account_96;account_15;500.0;2019-09-03 18:19:32
account_96;account_15;350.0;2019-09-03 19:07:11
account_96;account_152;60.0;2019-09-04 07:44:37
account_15;account_96;60.0;2019-09-04 09:38:57
account_15;account_96;100.0;2019-09-05 23:14:23
account_15;account_96;2000.0;2019-09-06 11:13:23
account_96;account_10;2000.0;2019-09-06 11:26:42
account_15;account_96;2000.0;2019-09-10 12:52:37
account_96;account_96;2100.0;2019-09-10 12:58:44
account_15;account_96;100.0;2019-09-12 11:47:04
account_15;account_96;4000.0;2019-09-12 21:33:29
account_96;account_96;3000.0;2019-09-12 21:45:00
account_161;account_96;250.0;2019-09-12 21:46:39
account_15;account_96;500.0;2019-09-14 18:20:20
account_35;account_96;300.0;2019-09-15 13:07:51
account_9;account_96;2000.0;2019-09-16 09:48:10
account_15;account_96;11000.0;2019-09-17 15:46:47
account_96;account_15;1500.0;2019-09-18 11:38:50
account_86;account_96;150.0;2019-09-19 13:55:16
account_161;account_96;150.0;2019-09-20 07:32:58
account_161;account_96;150.0;2019-09-20 11:05:32
account_161;account_96;300.0;2019-09-26 10:25:13
account_15;account_96;1500.0;2019-09-26 13:34:23
account_96;account_142;4050.0;2019-09-29 11:19:49
account_96;account_142;10500.0;2019-09-30 17:07:23
account_15;account_96;1000.0;2019-10-01 16:26:33
account_35;account_96;500.0;2019-10-02 10:54:55
account_86;account_96;200.0;2019-10-03 09:54:44
account_96;account_103;5000.0;2019-10-03 13:29:37
account_33;account_96;2000.0;2019-10-08 12:08:43
account_74;account_96;2000.0;2019-10-08 12:08:43
account_33;account_96;2000.0;2019-10-08 12:15:25
account_96;account_165;500.0;2019-10-08 13:12:30
account_96;account_96;10.0;2019-10-13 22:07:32
account_35;account_96;500.0;2019-10-15 18:24:39
account_161;account_96;500.0;2019-10-21 18:46:09
account_96;account_57;220.0;2019-10-21 19:29:20
account_161;account_96;1200.0;2019-10-22 23:38:23
account_161;account_96;2500.0;2019-10-27 12:41:22
account_96;account_96;400.0;2019-10-29 12:14:06
account_103;account_96;500.0;2019-11-11 23:21:59
account_161;account_96;300.0;2019-11-12 16:31:49
account_161;account_96;100.0;2019-11-13 17:18:01
account_161;account_96;100.0;2019-11-13 17:52:34
account_103;account_96;300.0;2019-11-13 17:56:47
account_23;account_96;250.0;2019-11-15 16:40:23
account_96;account_23;200.0;2019-11-15 16:43:09
account_35;account_96;200.0;2019-11-21 12:32:25
account_86;account_96;150.0;2019-11-22 09:21:13
account_161;account_96;300.0;2019-11-22 11:56:17
